SNR_dB,devices=1000
-10.0,0.002335514435771274
-9.5,0.0012611434509777874
-9.0,0.0006069275939730934
-8.5,0.00025546546184397335
-8.0,0.00010256804421139207
-7.5,3.191470171337115e-5
-7.0,1.0117546324118328e-5
-6.5,1.4145463509196533e-6
-6.0,7.005811932929783e-7
-5.5,5.882352941176471e-8
-5.0,0.0
-4.5,0.0
-4.0,0.0
-3.5,0.0
-3.0,0.0
-2.5,0.0
-2.0,0.0
-1.5,0.0
-1.0,0.0
-0.5,0.0
0.0,0.0
