SNR_dB,devices=100
-10.0,0.021685920281244532
-9.5,0.011754866585422
-9.0,0.005793045119212943
-8.5,0.0024748171174820543
-8.0,0.0009315776649187286
-7.5,0.00031234714373950276
-7.0,7.102030162328895e-5
-6.5,1.657708651604647e-5
-6.0,2.804082491582491e-6
-5.5,1.2040133779264213e-6
-5.0,0.0
-4.5,0.0
-4.0,0.0
-3.5,0.0
-3.0,0.0
-2.5,0.0
-2.0,0.0
-1.5,0.0
-1.0,0.0
-0.5,0.0
0.0,0.0
