SNR_dB,devices=1000
-10.0,0.002835635930478738
-9.5,0.001466777407666951
-9.0,0.0007348122631997423
-8.5,0.0003151614597864421
-8.0,0.00011595568871838072
-7.5,4.2426086521490476e-5
-7.0,9.27275494018055e-6
-6.5,3.082475031054286e-6
-6.0,2.821562495475539e-7
-5.5,0.0
-5.0,5.882352941176471e-8
-4.5,0.0
-4.0,0.0
-3.5,0.0
-3.0,0.0
-2.5,0.0
-2.0,0.0
-1.5,0.0
-1.0,0.0
-0.5,0.0
0.0,0.0
