SNR_dB,devices=100
-10.0,0.024708042800846222
-9.5,0.013468973093844323
-9.0,0.006298153005788044
-8.5,0.002847301244280319
-8.0,0.0010402222492125123
-7.5,0.0003174738049323685
-7.0,9.224223222691534e-5
-6.5,2.2219440698807035e-5
-6.0,3.798941798941799e-6
-5.5,7.870370370370371e-7
-5.0,0.0
-4.5,0.0
-4.0,0.0
-3.5,0.0
-3.0,0.0
-2.5,0.0
-2.0,0.0
-1.5,0.0
-1.0,0.0
-0.5,0.0
0.0,0.0
