SNR_dB,PER
-20.0,1.0
-19.5,1.0
-19.0,1.0
-18.5,1.0
-18.0,1.0
-17.5,1.0
-17.0,1.0
-16.5,1.0
-16.0,1.0
-15.5,1.0
-15.0,1.0
-14.5,1.0
-14.0,1.0
-13.5,1.0
-13.0,1.0
-12.5,1.0
-12.0,1.0
-11.5,1.0
-11.0,1.0
-10.5,1.0
-10.0,1.0
-9.5,1.0
-9.0,1.0
-8.5,1.0
-8.0,1.0
-7.5,0.0
-7.0,0.1
-6.5,0.0
-6.0,0.08695652173913043
-5.5,0.0
-5.0,0.2727272727272727
-4.5,0.0
-4.0,0.25
-3.5,0.07407407407407407
-3.0,0.0
-2.5,0.08333333333333333
-2.0,0.0
-1.5,0.08
-1.0,0.0
-0.5,0.0
0.0,0.0
