SNR_dB,devices=1000
-10.0,0.01784999999999999
-9.5,0.013539999999999995
-9.0,0.007830000000000005
-8.5,0.003880000000000003
-8.0,0.001460000000000001
-7.5,0.0006100000000000004
-7.0,0.00011000000000000003
-6.5,4.0e-5
-6.0,1.0e-5
-5.5,0.0
-5.0,0.0
-4.5,0.0
-4.0,0.0
-3.5,0.0
-3.0,0.0
-2.5,0.0
-2.0,0.0
-1.5,0.0
-1.0,0.0
-0.5,0.0
0.0,0.0
