N,Offered_Traffic_G,Pure ALOHA (Sim),Pure ALOHA (Theory),Slotted ALOHA (Sim),Slotted ALOHA (Theory),LBT (Sim)
100,0.233333,0.734650,0.627089,0.805579,0.716531,0.850016
200,0.466667,0.548860,0.393241,0.651239,0.513417,0.700852
300,0.700000,0.417166,0.246597,0.530526,0.367879,0.562879
400,0.933333,0.321035,0.154638,0.435710,0.263597,0.446100
500,1.166667,0.250026,0.096972,0.359258,0.188876,0.352941
