N,Offered_Traffic_G,Pure ALOHA (LBTなし) (Sim),Pure ALOHA Theory,Pure ALOHA (LBTあり) (Sim),Slotted ALOHA (Sim),Slotted ALOHA Theory
100,0.233333,0.734650,0.627089,0.817390,0.804792,0.716531
200,0.466667,0.548860,0.393241,0.654736,0.650704,0.513417
300,0.700000,0.417166,0.246597,0.517420,0.530332,0.367879
400,0.933333,0.321035,0.154638,0.404821,0.435013,0.263597
500,1.166667,0.250026,0.096972,0.316619,0.359499,0.188876
