N,Offered_Traffic_G,Pure ALOHA (Sim),Pure ALOHA (Theory),Slotted ALOHA (Sim),Slotted ALOHA (Theory),LBT (Sim)
100,0.233333,0.626533,0.627089,0.717285,0.716531,0.733721
200,0.466667,0.392546,0.393241,0.513622,0.513417,0.509772
300,0.700000,0.247176,0.246597,0.367471,0.367879,0.333264
400,0.933333,0.154856,0.154638,0.264350,0.263597,0.205565
500,1.166667,0.096983,0.096972,0.188650,0.188876,0.121044
