Iteration,Total_Devices,Total_Errors,PER,Avg_Distance,Max_Distance,Min_Distance
1,150,9,0.06,0.6969362342870082,0.9997212058644992,0.06875644377357322
2,150,8,0.05333333333333334,0.6862129351572946,0.9967338642756945,0.049963385464687725
3,150,1,0.006666666666666667,0.636372115114908,0.9968711023301211,0.026531324909296217
4,150,11,0.07333333333333333,0.6651842100494711,0.9971351683509907,0.05576506505128094
5,150,13,0.08666666666666667,0.6624393827345877,0.9993943324349017,0.06762956260267135
