SNR_dB,PER
-10.0,0.06022000000000015
-9.0,0.05848000000000012
-8.0,0.05711333333333337
-7.0,0.057820000000000094
-6.0,0.05761333333333338
-5.0,0.0584333333333334
-4.0,0.05740666666666682
-3.0,0.056780000000000025
-2.0,0.057106666666666805
-1.0,0.05727333333333344
0.0,0.05627333333333345
